Style,Project,Site,Project2
11500,Horizon,Lanka,Eclipse
11510,Horizon,Lanka,Eclipse
11511,Horizon,Lanka,Eclipse
11541,Horizon,Lanka,Eclipse
11542,Horizon,Lanka,Eclipse
19024,Horizon,Lanka,Eclipse
19026,Horizon,Lanka,Eclipse
19938,Horizon,Lanka,Eclipse
80813,Horizon,Lanka,Eclipse
9022,Horizon,Lanka,Eclipse
9430,Horizon,Lanka,Eclipse
97007,Horizon,Lanka,Eclipse
97505,Horizon,Lanka,Eclipse
9922,Horizon,Lanka,Eclipse
9924,Horizon,Lanka,Eclipse
9928,Horizon,Lanka,Eclipse
11210,Horizon,ATL,Eclipse
11211,Horizon,ATL,Eclipse
11270,Horizon,ATL,Eclipse
11271,Horizon,ATL,Eclipse
15554,Horizon,ATL,Eclipse
43113,Horizon,ATL,Eclipse
46551,Horizon,ATL,Eclipse
56400,Horizon,ATL,Eclipse
56402,Horizon,ATL,Eclipse
56510,Horizon,ATL,Eclipse
56800,Horizon,ATL,Eclipse
56801,Horizon,ATL,Eclipse
56802,Horizon,ATL,Eclipse
59050,Horizon,ATL,Eclipse
59406,Horizon,ATL,Eclipse
59407,Horizon,ATL,Eclipse
59408,Horizon,ATL,Eclipse
59416,Horizon,ATL,Eclipse
59801,Horizon,ATL,Eclipse
70110,Horizon,ATL,Eclipse
70114,Horizon,ATL,Eclipse
70118,Horizon,ATL,Eclipse
70123,Horizon,ATL,Eclipse
70128,Horizon,ATL,Eclipse
70138,Horizon,ATL,Eclipse
70200,Horizon,ATL,Eclipse
70205,Horizon,ATL,Eclipse
70215,Horizon,ATL,Eclipse
70400,Horizon,ATL,Eclipse
70718,Horizon,ATL,Eclipse
72025,Horizon,ATL,Eclipse
72027,Horizon,ATL,Eclipse
72265,Horizon,ATL,Eclipse
74021,Horizon,ATL,Eclipse
74045,Horizon,ATL,Eclipse
74047,Horizon,ATL,Eclipse
74048,Horizon,ATL,Eclipse
74301,Horizon,ATL,Eclipse
74718,Horizon,ATL,Eclipse
74730,Horizon,ATL,Eclipse
74731,Horizon,ATL,Eclipse
78200,Horizon,ATL,Eclipse
97002,Horizon,ATL,Eclipse
97003,Horizon,ATL,Eclipse
97008,Horizon,ATL,Eclipse
97009,Horizon,ATL,Eclipse
97120,Horizon,ATL,Eclipse
11100,Horizon,Vina,Eclipse
11501,Horizon,Vina,Eclipse
11515,Horizon,Vina,Eclipse
11624,Horizon,Vina,South
11625,Horizon,Vina,South
11644,Horizon,Vina,South
11724,Horizon,Vina,South
11731,Horizon,Vina,South
11735,Horizon,Vina,South
11751,Horizon,Vina,South
48701,Horizon,Vina,South
48705,Horizon,Vina,South
78101,Horizon,Vina,Eclipse
78110,Horizon,Vina,Eclipse
78150,Horizon,Vina,Eclipse
PU900,Horizon,Vina,South
11250,Horizon,Portugal,Eclipse
11251,Horizon,Portugal,Eclipse
70225,Horizon,Portugal,Eclipse
70330,Horizon,Portugal,Eclipse
70356,Horizon,Portugal,Eclipse
72400,Horizon,Portugal,Eclipse
78403,Horizon,Portugal,Eclipse
37145,Horizon,Kedah,Eclipse
37155,Horizon,Kedah,Eclipse
37175,Horizon,Kedah,Eclipse
37655,Horizon,Kedah,Eclipse
2100,Horizon,Xiamen,Eclipse
37200,Horizon,BH (OS),Eclipse
37210,Horizon,BH (OS),Eclipse
37510,Horizon,BH (OS),Eclipse
37646,Horizon,BH (OS),Eclipse
37675,Horizon,BH (OS),Eclipse
11900,Horizon,XingYu (OS),Eclipse
